,Ticker,beta
0,A,1.12
1,AA,2.28
2,AAL,1.73
3,AAMC,1.05
4,AAN,1.62
5,AAOI,1.98
6,AAON,0.74
7,AAP,1.32
8,AAPL,1.18
9,AAWW,1.69
10,AAXN,0.76
11,AB,1.52
12,ABBV,0.82
13,ABC,0.62
14,ABG,1.62
15,ABM,1.27
16,ABMC,-0.54
17,ABMD,0.93
18,ABT,0.96
19,AC,1.31
20,ACAD,1.8
21,ACCO,2.17
22,ACGL,0.75
23,ACHC,1.37
24,ACIA,0.93
25,ACLS,1.42
26,ACM,1.74
27,ACN,1.06
28,ACRX,1.81
29,ACT,23.01
30,ACY,1.89
31,ADBE,0.93
32,ADES,0.8
33,ADI,1.35
34,ADM,0.95
35,ADNT,3.61
36,ADP,0.82
37,ADRO,0.29
38,ADS,2.54
39,ADSK,1.6
40,ADT,2.28
41,ADVM,2.19
42,AE,1.17
43,AEE,0.27
44,AEHR,0.72
45,AEIS,1.57
46,AEO,1.2
47,AEP,0.37
48,AES,0.97
49,AFI,2.9
50,AGCO,1.15
51,AGI,1.35
52,AGIO,2.13
53,AGLE,2.07
54,AGNC,0.88
55,AGR,0.29
56,AGX,0.67
57,AGYS,0.89
58,AHPI,-4.85
59,AIMC,2.55
60,AIR,1.68
61,AIRI,1.32
62,AIT,1.38
63,AJG,0.75
64,AJRD,0.43
65,AKAM,0.34
66,AKER,0.4
67,AKR,1.11
68,AL,2.03
69,ALB,1.46
70,ALCO,0.7
71,ALE,0.32
72,ALEX,1.37
73,ALG,0.96
74,ALGN,2.0
75,ALGT,1.46
76,ALJJ,1.45
77,ALK,1.51
78,ALKS,1.49
79,ALLE,1.19
80,ALNY,1.85
81,ALPN,1.88
82,ALRM,1.18
83,ALRN,3.69
84,ALSK,1.03
85,ALSN,1.32
86,ALT,0.99
87,ALTR,1.59
88,ALV,1.74
89,ALX,0.55
90,ALXN,1.47
91,AMAT,1.4
92,AMBA,1.25
93,AMCX,0.94
94,AMD,2.13
95,AME,1.24
96,AMED,0.94
97,AMG,1.57
98,AMGN,0.95
99,AMH,0.61
100,AMKR,1.72
101,AMOT,1.76
102,AMP,1.84
103,AMRK,-0.27
104,AMSC,0.86
105,AMSWA,0.57
106,AMT,0.45
107,AMTD,1.21
108,AMWD,2.38
109,AMZN,1.32
110,AN,1.47
111,ANDE,0.75
112,ANET,1.15
113,ANF,1.38
114,ANGI,2.11
115,ANIK,1.18
116,ANSS,1.22
117,AON,0.87
118,AOS,1.27
119,AOSL,2.26
120,APA,4.66
121,APD,0.88
122,APH,1.27
123,APOG,1.44
124,APPF,1.04
125,APPS,1.77
126,APRN,-4.68
127,APTV,2.26
128,APVO,2.76
129,AR,4.73
130,ARA,1.63
131,ARAY,2.03
132,ARCB,1.59
133,ARCW,1.37
134,ARE,0.84
135,ARLP,1.6
136,ARMK,1.65
137,ARNA,1.44
138,ARQL,2.48
139,ARW,1.46
140,ARWR,1.8
141,ASH,1.44
142,ASNA,1.71
143,ASNB,-1.94
144,ASPN,1.64
145,ASPU,0.7
146,ASTC,-0.63
147,ASYS,1.7
148,ATI,1.9
149,ATKR,1.95
150,ATNX,1.04
151,ATO,0.31
152,ATR,0.63
153,ATRO,1.72
154,ATVI,0.61
155,AUTO,0.58
156,AVA,0.42
157,AVAV,0.73
158,AVB,0.83
159,AVEO,1.61
160,AVGR,1.28
161,AVNW,1.32
162,AVT,1.36
163,AVY,1.19
164,AWI,1.21
165,AWK,0.2
166,AWRE,0.12
167,AXGN,0.41
168,AXTA,1.6
169,AZO,0.9
170,AZZ,1.44
171,BA,1.47
172,BAH,0.81
173,BAX,0.79
174,BBBY,2.49
175,BBGI,1.72
176,BBSI,1.57
177,BBY,1.48
178,BC,2.13
179,BCO,1.24
180,BCPC,0.62
181,BERY,1.35
182,BFAM,0.79
183,BFB,0.78
184,BFS,0.98
185,BG,0.82
186,BGG,1.58
187,BGNE,1.3
188,BGS,0.28
189,BGSF,1.99
190,BHE,1.06
191,BIG,2.41
192,BIIB,0.51
193,BJRI,1.9
194,BKE,1.17
195,BKH,0.31
196,BKI,0.87
197,BKNG,1.05
198,BLCM,2.14
199,BLDR,2.48
200,BLL,0.51
201,BLUE,2.35
202,BMI,0.82
203,BMRA,-0.84
204,BMRN,1.09
205,BMY,0.71
206,BNED,2.16
207,BNFT,1.62
208,BOOT,2.99
209,BOX,1.41
210,BPMC,1.07
211,BR,0.88
212,BRC,0.76
213,BREW,0.73
214,BRID,0.15
215,BRKS,1.49
216,BRO,0.68
217,BRRE,0.78
218,BRX,1.42
219,BSET,1.51
220,BSPM,1.51
221,BSQR,1.77
222,BSTC,0.9
223,BSTG,-0.14
224,BSX,0.92
225,BTAI,2.1
226,BTU,1.51
227,BURL,0.71
228,BV,1.53
229,BWA,1.74
230,BWLA,0.74
231,BWXT,0.96
232,BXC,1.94
233,BXP,1.05
234,BYD,2.35
235,BZH,2.39
236,CACI,1.24
237,CAG,0.78
238,CAGU,1.34
239,CAH,1.0
240,CAKE,1.41
241,CAL,2.11
242,CALA,2.21
243,CALM,-0.15
244,CAR,2.3
245,CARG,2.02
246,CARS,2.01
247,CASI,1.03
248,CASY,0.77
249,CAT,1.08
250,CATS,2.22
251,CBB,0.78
252,CBOE,0.51
253,CBRL,1.08
254,CC,2.39
255,CCF,0.68
256,CCI,0.36
257,CCK,1.25
258,CCL,1.97
259,CCMP,1.27
260,CCOI,0.24
261,CCS,1.93
262,CCXI,2.02
263,CDE,1.75
264,CDK,1.33
265,CDNA,1.05
266,CDNS,1.1
267,CDR,1.51
268,CE,1.36
269,CELH,1.51
270,CENT,0.35
271,CERN,0.87
272,CETX,1.85
273,CF,1.1
274,CFMS,2.12
275,CGA,0.81
276,CGNX,1.78
277,CHD,0.32
278,CHDN,1.16
279,CHE,0.71
280,CHEF,1.99
281,CHGG,1.07
282,CHJI,-2.02
283,CHRS,2.09
284,CHRW,0.59
285,CHTR,1.03
286,CIDM,1.98
287,CIEN,0.88
288,CL,0.59
289,CLBS,1.47
290,CLCT,1.64
291,CLF,1.92
292,CLFD,1.09
293,CLH,1.52
294,CLNE,1.46
295,CLR,3.47
296,CLRB,1.68
297,CLX,0.25
298,CMC,1.41
299,CMCO,1.61
300,CMCSA,0.98
301,CMD,1.26
302,CME,0.31
303,CMG,1.22
304,CMI,1.15
305,CMLS,1.78
306,CMP,1.6
307,CMPR,1.23
308,CMS,0.19
309,CMTL,1.99
310,CNA,0.85
311,CNDT,1.61
312,CNP,0.97
313,CNS,1.33
314,CNSL,1.16
315,CODA,1.46
316,COG,0.21
317,COHR,1.76
318,COKE,0.83
319,COLM,0.68
320,COMM,1.56
321,CONN,2.34
322,COO,0.9
323,COP,1.69
324,COR,0.3
325,COTY,1.04
326,COUP,1.49
327,CP,0.8
328,CPB,0.4
329,CPRI,1.87
330,CPRT,1.11
331,CPSI,0.54
332,CPST,1.86
333,CPT,0.8
334,CQP,1.21
335,CR,1.52
336,CREE,1.12
337,CRIS,2.38
338,CRL,1.19
339,CRS,2.19
340,CRSP,2.33
341,CRTO,1.24
342,CRVS,2.04
343,CRWS,0.6
344,CRY,1.37
345,CSBR,1.28
346,CSGP,1.09
347,CSGS,0.88
348,CSII,1.46
349,CSL,0.83
350,CSLT,1.5
351,CSWI,0.9
352,CSX,1.23
353,CTAS,1.43
354,CTIC,1.54
355,CTL,0.99
356,CTMX,0.69
357,CTS,0.83
358,CTSH,1.15
359,CTXS,0.29
360,CUB,1.13
361,CUBE,0.29
362,CUZ,1.04
363,CVCO,1.61
364,CVNA,2.38
365,CVSI,1.6
366,CVX,1.3
367,CWEN,1.11
368,CWH,4.1
369,CXO,1.84
370,CXW,1.21
371,CYAN,0.6
372,CYCC,1.27
373,CYIG,0.51
374,CZR,1.91
375,Cost,0.68
376,D,0.43
377,DAL,1.25
378,DCI,1.41
379,DCPH,2.17
380,DD,1.48
381,DDD,1.58
382,DDS,0.91
383,DE,0.95
384,DENN,1.38
385,DHR,0.85
386,DIN,1.73
387,DIS,1.11
388,DISCA,1.51
389,DISH,1.76
390,DK,2.02
391,DKS,1.61
392,DLB,0.87
393,DLPH,2.67
394,DLTH,1.1
395,DLTR,0.63
396,DLX,1.46
397,DMRC,1.13
398,DNKN,0.9
399,DOCU,0.84
400,DOMO,3.15
401,DOV,1.37
402,DPZ,0.37
403,DRE,0.64
404,DRI,1.33
405,DRQ,1.35
406,DRTT,1.88
407,DS,1.68
408,DTE,0.61
409,DUK,0.32
410,DVA,1.21
411,DVAX,1.21
412,DVN,3.35
413,DXC,2.42
414,DXCM,0.78
415,DXLG,1.69
416,DXPE,2.85
417,DY,1.5
418,EA,0.93
419,EAF,1.08
420,EAT,2.23
421,EBAY,1.33
422,EBF,0.43
423,EBIX,2.12
424,ECL,1.0
425,ED,0.2
426,EE,0.38
427,EEFT,1.22
428,EFOI,1.9
429,EFX,1.21
430,EGHT,0.98
431,EGP,0.83
432,EGY,1.72
433,EHTH,0.02
434,EIX,0.5
435,EL,0.78
436,ELMD,0.44
437,ELY,1.97
438,EME,1.02
439,EMN,1.67
440,EMR,1.51
441,ENDP,1.54
442,ENG,1.6
443,ENPH,1.03
444,ENR,1.23
445,ENS,1.6
446,ENV,1.76
447,ENVA,1.99
448,ENZ,0.82
449,EOG,1.97
450,EPAM,1.31
451,EPD,1.38
452,EPM,1.43
453,EPZM,2.1
454,EQR,0.58
455,EQT,1.28
456,ES,0.36
457,ESCA,1.2
458,ESI,1.87
459,ESP,0.34
460,ESS,0.68
461,ETEC,-2.72
462,ETH,1.1
463,ETM,1.46
464,ETN,1.14
465,ETR,0.56
466,EV,1.46
467,EVC,0.44
468,EVFM,-0.7
469,EVI,1.2
470,EVLO,1.0
471,EVOP,1.56
472,EVRI,2.72
473,EW,0.86
474,EXAS,1.89
475,EXC,0.43
476,EXEL,1.53
477,EXP,1.28
478,EXPE,1.58
479,EXPR,1.94
480,EXR,0.19
481,EXTR,1.67
482,F,1.3
483,FARM,1.11
484,FARO,1.53
485,FAST,1.18
486,FB,1.2
487,FBHS,1.67
488,FC,1.56
489,FCEL,2.04
490,FCPT,1.04
491,FDS,0.79
492,FDX,1.33
493,FEIM,0.57
494,FELE,1.07
495,FET,4.24
496,FFIV,1.09
497,FGEN,1.57
498,FICO,1.19
499,FII,1.25
500,FIS,0.67
501,FISV,0.83
502,FIT,1.0
503,FIVE,1.22
504,FIVN,0.73
505,FIZZ,1.11
506,FKWL,-0.31
507,FL,1.33
508,FLEX,1.78
509,FLIR,1.57
510,FLO,0.37
511,FLR,2.88
512,FLS,1.81
513,FLT,1.49
514,FLWS,1.44
515,FMC,1.24
516,FND,2.08
517,FNJN,0.95
518,FNKO,2.53
519,FOE,1.86
520,FOLD,1.35
521,FONR,1.08
522,FORD,0.17
523,FORM,1.39
524,FORR,0.96
525,FOSL,1.02
526,FRAN,2.06
527,FRD,0.53
528,FRPT,0.79
529,FRT,0.93
530,FSLR,1.26
531,FSS,1.15
532,FTEK,1.84
533,FTI,2.24
534,FTNT,1.0
535,FTV,1.26
536,FUL,1.82
537,G,1.12
538,GBT,1.88
539,GBX,1.67
540,GCI,1.48
541,GDDY,0.9
542,GDOT,1.19
543,GE,0.96
544,GEL,2.6
545,GENC,0.72
546,GEO,1.04
547,GEOS,2.1
548,GERN,1.82
549,GES,1.7
550,GFF,2.23
551,GGG,0.56
552,GHC,0.84
553,GIDYL,1.91
554,GIII,2.6
555,GIS,0.58
556,GLGI,1.9
557,GLPI,1.02
558,GLUU,0.84
559,GLW,1.1
560,GLYC,2.53
561,GM,1.42
562,GMAN,62.1
563,GME,1.07
564,GMED,0.99
565,GNTX,1.13
566,GOOD,1.03
567,GOOG,1.06
568,GPC,1.11
569,GPN,1.14
570,GPOR,6.6
571,GPRO,1.46
572,GRA,1.56
573,GRC,0.7
574,GRMN,1.0
575,GRPN,1.69
576,GRUB,1.23
577,GSHD,0.8
578,GSIT,1.01
579,GT,2.04
580,GTHX,2.32
581,GWW,0.99
582,Golf,0.9
583,H,1.41
584,HAL,2.57
585,HALO,1.83
586,HAS,0.95
587,HAYN,1.46
588,HBI,1.55
589,HCA,1.31
590,HCCI,1.64
591,HCHC,2.22
592,HCSG,0.62
593,HDS,1.18
594,HEAR,1.82
595,HEI,1.12
596,HELE,0.93
597,HFC,1.73
598,HGEN,-1.66
599,HI,1.41
600,HIBB,1.6
601,HIL,1.85
602,HLF,1.01
603,HLI,0.72
604,HLT,1.25
605,HMHC,1.27
606,HMTV,0.87
607,HNI,1.15
608,HNNA,0.8
609,HNRG,0.26
610,HOG,1.46
611,HOLX,1.47
612,HOME,2.29
613,HP,2.1
614,HPE,1.31
615,HPQ,1.02
616,HQY,1.51
617,HRB,0.8
618,HRC,0.72
619,HRI,3.31
620,HRL,-0.07
621,HSIC,0.94
622,HSII,1.06
623,HST,1.29
624,HSTM,0.49
625,HSY,0.16
626,HTGM,1.76
627,HTZ,1.4
628,HUBB,1.28
629,HUBS,1.61
630,HUN,2.08
631,HURC,0.77
632,HURN,0.63
633,HXL,1.25
634,HZO,1.85
635,IART,1.08
636,IBM,1.22
637,ICE,0.54
638,ICPT,1.77
639,ICUI,0.54
640,IDA,0.43
641,IDCC,1.13
642,IDT,1.17
643,IDXX,0.8
644,IEP,1.27
645,IEX,1.05
646,IFF,1.06
647,IHT,0.48
648,IIN,0.99
649,ILMN,0.99
650,IMGN,2.47
651,IMO,1.98
652,INCY,1.04
653,INFN,0.97
654,INFO,1.01
655,INFU,0.59
656,INGR,0.77
657,INT,1.1
658,INTC,0.79
659,INTL,1.44
660,INTT,1.72
661,INTU,1.04
662,IO,4.32
663,IONS,1.64
664,IP,1.34
665,IPAR,0.91
666,IPDN,1.89
667,IPG,1.06
668,IPGP,1.71
669,IPHI,1.36
670,IQV,1.32
671,IR,1.45
672,IRBT,1.73
673,IRM,0.69
674,ISSC,0.97
675,IT,1.47
676,ITCI,1.93
677,ITGR,1.14
678,ITRI,1.32
679,ITW,1.17
680,IVAC,0.85
681,IVZ,1.49
682,JACK,1.71
683,JAKK,3.19
684,JAZZ,1.23
685,JBHT,1.0
686,JBL,1.23
687,JBLU,1.38
688,JCI,1.2
689,JCOM,0.72
690,JCS,1.13
691,JILL,2.29
692,JJSF,0.59
693,JLL,1.68
694,JNJ,0.7
695,JNPR,0.97
696,JOUT,0.9
697,JSDA,1.05
698,JWA,0.83
699,JWN,1.37
700,Joe,0.97
701,K,0.58
702,KANP,-0.36
703,KAR,1.03
704,KE,1.26
705,KHC,1.02
706,KKR,1.55
707,KLAC,1.35
708,KLIC,1.23
709,KMB,0.5
710,KMI,1.01
711,KMX,1.7
712,KO,0.54
713,KOPN,1.65
714,KPTI,1.5
715,KRO,1.68
716,KSS,1.76
717,KSU,0.93
718,KURA,2.29
719,KWR,1.52
720,LAKE,-0.02
721,LAMR,1.39
722,LANC,0.25
723,LAZ,1.78
724,LB,1.23
725,LBTYA,1.25
726,LCI,1.86
727,LCUT,1.01
728,LDOS,1.14
729,LE,2.0
730,LEDS,1.94
731,LEE,1.46
732,LEG,1.58
733,LFUS,1.14
734,LGIH,1.32
735,LGND,1.64
736,LH,1.38
737,LHCG,0.48
738,LII,0.91
739,LITE,0.96
740,LIVE,1.31
741,LIVN,0.84
742,LLY,0.26
743,LMB,0.98
744,LMT,0.96
745,LNG,1.65
746,LNN,0.29
747,LNT,0.36
748,LNTH,1.24
749,LOGI,0.88
750,LOGM,0.77
751,LOPE,0.61
752,LOV,2.11
753,LPG,1.26
754,LPLA,1.58
755,LPSN,1.26
756,LPTH,1.18
757,LPX,1.7
758,LRCX,1.36
759,LRDC,0.6
760,LSI,0.37
761,LSTR,0.99
762,LSXMA,1.3
763,LSYN,0.8
764,LTRPA,2.22
765,LTRX,1.93
766,LUNA,1.04
767,LUV,1.25
768,LYB,1.58
769,LYV,1.1
770,LZB,1.1
771,M,1.6
772,MA,1.07
773,MAN,2.02
774,MANH,2.04
775,MAR,1.6
776,MARA,2.22
777,MAS,1.47
778,MASI,0.92
779,MAT,1.53
780,MATX,1.12
781,MBOT,5.78
782,MC,1.57
783,MCD,0.66
784,MCFT,2.41
785,MCHP,1.61
786,MCK,0.84
787,MCO,1.19
788,MD,1.45
789,MDB,0.75
790,MDLZ,0.62
791,MDP,1.71
792,MDRX,0.98
793,MDT,0.68
794,MDXG,1.17
795,MED,1.28
796,MEDP,1.22
797,MEI,1.28
798,MEIP,1.94
799,MELI,1.69
800,MFON,0.27
801,MGEE,0.45
802,MGLN,1.21
803,MGM,2.19
804,MGNX,2.82
805,MGPI,1.67
806,MHH,0.87
807,MHK,1.55
808,MICR,0.08
809,MICT,0.48
810,MIND,1.87
811,MITK,0.25
812,MJTK,0.74
813,MKC,0.36
814,MKSI,1.5
815,MKTX,0.63
816,MLM,0.91
817,MMI,1.11
818,MMM,0.99
819,MMMB,1.25
820,MMP,1.06
821,MMS,0.93
822,MN,2.94
823,MNK,3.42
824,MNKD,2.25
825,MNST,1.05
826,MO,0.46
827,MOBL,1.52
828,MORN,1.15
829,MOS,1.71
830,MOV,0.54
831,MPC,2.23
832,MPWR,1.23
833,MRAM,2.61
834,MRCY,1.0
835,MRK,0.49
836,MRO,3.4
837,MRTX,1.8
838,MRVL,1.06
839,MSCI,0.94
840,MSFT,0.93
841,MSI,0.66
842,MSM,0.97
843,MTBC,1.12
844,MTCH,1.21
845,MTD,1.08
846,MTEM,1.71
847,MTN,1.19
848,MTRN,1.48
849,MTRX,1.42
850,MTSI,2.38
851,MTZ,1.45
852,MVIS,3.17
853,MXIM,1.32
854,MXMG,-0.81
855,MYGN,1.28
856,MYL,1.54
857,Mac,1.82
858,Mark,3.31
859,NAV,2.54
860,NBIX,1.34
861,NBL,2.6
862,NC,0.6
863,NCLH,2.75
864,NCR,1.69
865,NDAQ,0.75
866,NDLS,1.0
867,NDSN,1.23
868,NE,2.45
869,NEE,0.22
870,NEM,0.34
871,NEO,0.76
872,NEOS,1.27
873,NEP,1.12
874,NEPH,1.29
875,NERV,1.57
876,NEWR,1.18
877,NGVC,1.15
878,NHTC,1.26
879,NI,0.21
880,NICK,0.59
881,NJR,0.41
882,NK,3.13
883,NKE,0.81
884,NKTR,1.99
885,NLSN,1.23
886,NLST,0.91
887,NNN,0.61
888,NOV,1.81
889,NOVT,1.24
890,NOW,1.35
891,NP,1.42
892,NPTN,1.54
893,NRG,1.05
894,NSC,1.37
895,NSPR,2.19
896,NSSC,1.34
897,NTAP,1.27
898,NTGR,0.83
899,NTRA,1.37
900,NUAN,1.02
901,NUE,1.44
902,NUVA,1.39
903,NVAX,1.49
904,NVDA,1.34
905,NVEC,1.39
906,NWE,0.35
907,NWGI,3.4
908,NWL,1.06
909,NWS,1.48
910,NX,1.63
911,NXST,1.87
912,O,0.66
913,OCN,1.6
914,ODFL,1.06
915,ODP,2.31
916,ODT,1.14
917,OFLX,0.79
918,OHI,0.84
919,OI,1.64
920,OII,3.32
921,OKE,2.12
922,OKTA,1.06
923,OLED,1.54
924,OLLI,1.35
925,OLN,1.4
926,OMI,0.15
927,OMP,2.58
928,ON,2.23
929,ONVO,1.1
930,OOMA,0.72
931,OPRX,0.3
932,ORCL,0.86
933,ORLY,1.07
934,OSIS,0.83
935,OSTK,3.8
936,OTEX,0.72
937,OUT,1.51
938,OVV,4.85
939,OXFD,1.06
940,OXY,1.98
941,PACB,1.68
942,PAHC,0.49
943,PANW,1.19
944,PATK,2.47
945,PAYS,1.73
946,PAYX,0.94
947,PBH,0.8
948,PBI,2.58
949,PBYI,1.2
950,PCG,1.11
951,PCRX,1.3
952,PCTI,0.13
953,PDCO,1.53
954,PDEX,1.18
955,PDFS,1.61
956,PDLI,0.84
957,PEG,0.58
958,PEGA,1.27
959,PEN,0.63
960,PEP,0.59
961,PESI,1.23
962,PFE,0.68
963,PGTI,1.51
964,PH,1.67
965,PHM,1.34
966,PHX,1.23
967,PI,2.57
968,PINC,0.22
969,PJT,0.82
970,PK,2.08
971,PKE,0.7
972,PKG,1.27
973,PKI,1.36
974,PLAB,0.79
975,PLAY,1.61
976,PLCE,2.07
977,PLD,0.96
978,PLPC,1.08
979,PM,0.78
980,PMD,0.88
981,PNR,1.31
982,PNW,0.32
983,PODD,0.9
984,POOL,0.83
985,POST,0.63
986,PPC,0.96
987,PPIH,0.38
988,PRCP,1.32
989,PRGO,1.21
990,PRGS,1.11
991,PRKA,0.62
992,PRLB,1.74
993,PROM,-0.24
994,PRTS,2.55
995,PRTX,-2.06
996,PS,2.63
997,PSA,0.13
998,PSTG,1.64
999,PSTI,2.6
1000,PTE,1.74
1001,PTN,1.55
1002,PURE,0.16
1003,PVAC,3.95
1004,PVH,2.06
1005,PXD,1.78
1006,PYPL,1.19
1007,PZZA,0.96
1008,QCOM,1.36
1009,QNST,1.12
1010,QRVO,1.4
1011,QSR,1.39
1012,R,2.04
1013,RAD,0.91
1014,RAVE,1.27
1015,RCII,1.54
1016,RCL,2.51
1017,RCUS,1.26
1018,RDFN,2.04
1019,RDNT,1.69
1020,RE,0.46
1021,REGN,0.57
1022,REI,2.63
1023,REMI,-0.2
1024,RES,2.14
1025,RESI,0.55
1026,REV,0.99
1027,RFIL,1.09
1028,RFP,2.92
1029,RGEN,1.05
1030,RGLS,2.0
1031,RGNX,1.07
1032,RGS,2.65
1033,RHE,-0.22
1034,RHI,1.59
1035,RICK,1.55
1036,RIG,2.45
1037,RIGL,1.26
1038,RIHT,1.22
1039,RKDA,-0.83
1040,RL,1.29
1041,RLGY,2.79
1042,RMBL,2.87
1043,RMCF,0.65
1044,RMD,0.51
1045,ROCK,1.36
1046,ROK,1.5
1047,ROKU,1.8
1048,ROL,0.42
1049,ROP,1.05
1050,ROST,0.8
1051,RP,1.05
1052,RPM,1.12
1053,RRC,2.67
1054,RS,1.12
1055,RSLS,1.37
1056,RUN,1.42
1057,RUSHA,1.31
1058,RWLK,3.78
1059,RYAM,4.04
1060,RYN,0.9
1061,SABR,1.74
1062,SAFM,0.61
1063,SAIA,1.11
1064,SAM,0.81
1065,SANM,0.9
1066,SATS,0.65
1067,SAVA,2.99
1068,SAVE,1.32
1069,SBGI,1.33
1070,SBUX,0.79
1071,SCND,0.2
1072,SCOR,0.92
1073,SCSC,1.29
1074,SCVL,1.26
1075,SCWX,1.09
1076,SCX,0.92
1077,SD,3.47
1078,SE,1.37
1079,SEB,0.73
1080,SEDG,0.71
1081,SEE,1.18
1082,SEIC,1.31
1083,SERV,1.07
1084,SFIX,2.96
1085,SFM,0.22
1086,SGA,0.75
1087,SGEN,1.45
1088,SGH,1.09
1089,SGMA,1.21
1090,SGMO,2.2
1091,SHAK,1.73
1092,SHLO,1.86
1093,SHO,1.12
1094,SHW,1.22
1095,SIG,2.29
1096,SIGM,0.21
1097,SIGN,-1.39
1098,SINO,1.85
1099,SIRI,1.19
1100,SITE,1.28
1101,SJI,0.78
1102,SJM,0.14
1103,SLB,2.12
1104,SLCA,2.78
1105,SLM,1.41
1106,SLNM,-0.5
1107,SMCI,1.11
1108,SMED,-0.73
1109,SMG,0.94
1110,SMIT,0.79
1111,SMP,0.74
1112,SMPL,0.59
1113,SMRT,0.1
1114,SMSI,0.71
1115,SMTC,1.66
1116,SNA,1.37
1117,SNAP,1.79
1118,SNBR,2.23
1119,SNCR,0.96
1120,SNPS,1.18
1121,SNX,1.51
1122,SO,0.43
1123,SOHO,1.93
1124,SOHU,2.04
1125,SON,0.82
1126,SOTK,-0.38
1127,SPB,1.91
1128,SPGI,1.05
1129,SPLK,1.62
1130,SPNE,0.9
1131,SPPI,2.1
1132,SPRT,0.45
1133,SPXC,1.7
1134,SQ,2.69
1135,SRCL,1.15
1136,SRDX,0.97
1137,SRE,0.73
1138,SRLP,1.3
1139,SRNE,3.16
1140,SRPT,1.91
1141,SSNC,1.49
1142,SSNT,0.94
1143,SSP,1.82
1144,SSTK,1.23
1145,SSYS,1.55
1146,ST,1.64
1147,STAY,1.91
1148,STE,0.77
1149,STOR,0.97
1150,STRM,0.59
1151,STRT,1.14
1152,STX,1.06
1153,STZ,0.92
1154,SUP,2.24
1155,SUPN,1.64
1156,SURF,2.62
1157,SVT,0.85
1158,SWK,1.54
1159,SWKS,1.25
1160,SWM,1.36
1161,SWX,0.27
1162,SXC,0.82
1163,SYK,0.85
1164,SYNA,1.02
1165,SYY,1.1
1166,T,0.68
1167,TA,1.97
1168,TACO,1.72
1169,TAP,0.86
1170,TAST,2.37
1171,TAYD,1.14
1172,TBIO,0.49
1173,TBTC,0.03
1174,TCNT,0.08
1175,TDC,1.03
1176,TDOC,0.44
1177,TDW,1.41
1178,TECH,1.14
1179,TEL,1.32
1180,TESS,1.27
1181,TEVA,1.66
1182,TFX,1.0
1183,TGI,2.73
1184,TGLO,5.04
1185,TGT,0.79
1186,TGTX,2.46
1187,THO,2.59
1188,THS,0.69
1189,TIF,1.01
1190,TITN,1.95
1191,TJX,0.72
1192,TLCC,-2.73
1193,TLND,0.88
1194,TLRD,1.75
1195,TLYS,1.79
1196,TMO,1.05
1197,TMUS,0.3
1198,TNDM,0.56
1199,TNET,1.91
1200,TOL,1.67
1201,TPB,0.72
1202,TPCS,-0.24
1203,TPR,1.35
1204,TPX,2.1
1205,TR,0.01
1206,TRC,0.73
1207,TREE,2.21
1208,TREX,1.7
1209,TRGP,3.21
1210,TRHC,1.15
1211,TRIP,1.31
1212,TRMB,1.68
1213,TRN,1.67
1214,TRNS,0.68
1215,TROW,1.16
1216,TROX,3.14
1217,TRT,1.35
1218,TRU,1.18
1219,TRUE,1.26
1220,TRUP,1.55
1221,TSCO,1.03
1222,TSE,1.7
1223,TSLA,1.2
1224,TSN,0.65
1225,TSSI,1.04
1226,TTC,0.72
1227,TTGT,0.86
1228,TTMI,2.04
1229,TTWO,0.57
1230,TUP,2.74
1231,TUSK,2.03
1232,TVTY,2.18
1233,TWI,1.83
1234,TWLO,1.65
1235,TWMC,0.73
1236,TWOU,0.77
1237,TWTR,0.79
1238,TXMD,2.15
1239,TXN,1.12
1240,TXRH,0.94
1241,TYL,0.78
1242,TYME,0.97
1243,TZOO,1.78
1244,UA,1.19
1245,UAL,1.49
1246,UBX,0.36
1247,UFI,1.1
1248,UFS,1.7
1249,UG,0.07
1250,UHAL,0.64
1251,UHS,1.05
1252,UIS,0.69
1253,ULH,1.64
1254,ULTA,1.46
1255,UNFI,1.38
1256,UNIT,1.0
1257,UNP,1.06
1258,UOLI,1.88
1259,UPS,0.85
1260,URBN,1.27
1261,URI,2.27
1262,USAP,1.52
1263,USAT,2.27
1264,USCR,1.43
1265,USFD,1.4
1266,USM,0.6
1267,USNA,0.91
1268,UTHR,0.86
1269,UTL,0.18
1270,UTMD,0.39
1271,V,0.92
1272,VAC,2.45
1273,VAL,3.02
1274,VALU,0.01
1275,VAPE,2.03
1276,VAR,1.06
1277,VEC,1.65
1278,VEEV,0.94
1279,VERU,0.39
1280,VFC,0.97
1281,VGR,1.01
1282,VIRC,1.3
1283,VKTX,2.06
1284,VLGEA,0.11
1285,VLO,1.97
1286,VMC,0.81
1287,VMI,1.26
1288,VMW,0.95
1289,VNCE,2.63
1290,VNO,1.36
1291,VRA,1.52
1292,VRNS,1.07
1293,VRNT,0.94
1294,VRSK,0.71
1295,VRSN,0.9
1296,VRTU,1.37
1297,VRTX,0.94
1298,VSLR,1.32
1299,VSTM,1.21
1300,VSTO,0.29
1301,VTR,1.17
1302,W,3.36
1303,WAB,1.51
1304,WAT,0.94
1305,WATT,3.87
1306,WBA,0.55
1307,WDAY,1.55
1308,WDC,1.6
1309,WELL,0.84
1310,WEN,1.24
1311,WESC,3.75
1312,WGO,2.35
1313,WHG,1.49
1314,WHR,1.99
1315,WIFI,1.17
1316,WINA,0.84
1317,WIRE,1.2
1318,WK,1.25
1319,WMT,0.3
1320,WNC,1.99
1321,WNDW,1.95
1322,WOR,1.27
1323,WRI,1.43
1324,WRK,1.5
1325,WSCO,0.48
1326,WSM,1.69
1327,WSTL,0.96
1328,WTS,0.91
1329,WWD,1.52
1330,WWE,1.49
1331,WWW,1.74
1332,WY,1.88
1333,WYND,1.97
1334,X,2.57
1335,XBIT,1.43
1336,XEC,2.31
1337,XEL,0.27
1338,XLNX,0.97
1339,XNCR,1.05
1340,XOM,1.34
1341,XONE,2.38
1342,XPER,0.44
1343,XPO,2.52
1344,XRAY,1.06
1345,XYL,1.03
1346,Y,0.65
1347,YELP,1.47
1348,YGYI,2.54
1349,YOGA,1.16
1350,YUM,0.87
1351,ZAGG,1.57
1352,ZBH,1.31
1353,ZEN,1.32
1354,ZEUS,1.64
1355,ZG,1.22
1356,ZGNX,1.76
1357,ZIOP,2.56
1358,ZNGA,0.33
1359,ZS,0.72
1360,ZTS,0.77
1361,ZUMZ,1.82
1362,ZVO,1.66
1363,ZYNE,3.09
1364,ZYXI,1.08
1365,low,1.42
